component,explained_variance_ratio
PC1,0.24573587267788094
PC2,0.09129079464895369
