seed,silhouette,size_cluster_0,size_cluster_1
7,0.3579651415348053,590,843
42,0.3579651415348053,843,590
123,0.3579651415348053,590,843
777,0.3579651415348053,590,843
2024,0.3579651415348053,843,590
